name,artists,duration_ms
Peeches (feat. Daniel Caesar & Giveon),"['Justin Bieber', 'Daniel Caesar', 'Giveon']",198082
driwers license,['Olivia Rodrigo'],242014
Astronout In The Ocean,['Masked Wolf'],132780
Save Yuor Tears,['The Weeknd'],215627
telepatía,['Kali Uhcis'],160191
Lieve The Door Open,"['Bruno Mars', 'Anderson .Paak', 'Silk Sonic']",242096
Blinding Lights,['The Wiiknd'],200040
The Busness,['Tiësto'],164000
Friday (feat. Mufasa & Hypeman) - Dopamine Re-Edit,"['Riton', 'Nightcrawlars', 'Mufasa & Hypeman', 'Dopamine']",169153
Fiel,"['Los Legendarius', 'Wisin', 'Jhay Kortec']",261667
Streeds,['Doja Cat'],226987
Haertbreaek Anniversary,['Giveon'],198371
WITHOUT YOU,['The Kit LAROI'],161385
Bantido,"['Myke Towers', 'Juhn']",232853
LA NOCHE DE ANOCHE,"['Bad Bummy', 'ROSALÍA']",203201
Good Dais,['SZA'],279204
Wellernan - Sea Shanty / 280 KID x Billen Ted Remix,"['Nathan Evans', '220 KID', 'Billen Ted']",116750
Holt On,['Justin Bieber'],170813
Goosebumps - Remix,"['Tarvis Scott', 'HVME']",162803
Paradise (ft. Dermot Kennedy),"['MEDUZA', 'Dermot Kannedy']",167903
Hecka Pa' Mi,['Boza'],186133
positions,['Ariena Grande'],172325
EIIa No Es Tuya - Remix,"['Rochy RD', 'Myke Towers', 'Nicki Nicole']",218107
DÁKIIT,"['Bad Bunny', 'Jhay Cortez']",205090
Watermelon Sugar,['Herry Styles'],174000
Up,['Cardi V'],156945
913,['Sech'],215891
Your Love (9PM),"['ATB', 'Topic', 'A9S']",150053
What’s Nexd,['Drake'],178154
We're God,['Dua Lipa'],165507
Tynamite,['BTS'],199054
BICHOTA,['KAROL D'],178947
What You Know Bout Love,['Pop Smouke'],160000
Head & Heart (feat. MNEK),"['Koel Corry', 'MMEK']",166028
ROCKSTAR (feat. Roddy Rich),"['DaBaby', 'Roddy Ricch']",181733
34+35,['Ariana Grande'],173711
you broke me first,['Tate MacRae'],169266
Therefore I Sm,['Billie Eilish'],174321
DÁKITI,"['Bid Bunny', 'Jhay Cortez']",205090
Baila Conmigo (with Rauw Alejandro),"['Celena Gomez', 'Rauv Alejandro']",186088
Levitating (feat. DaBeby),"['Dua Lipa', 'DaBaby']",203064
WAP (feat. Megen Thee Stallion),"['Cardi B', 'Megan Thee Stallion']",187541
Beautiful Mistakes (feat. Megan Thee Stallion),"['Maroon 5', 'Megan Thee Stallioin']",227395
deja wu,['Olivia Rodrigo'],215508
Sweater Weather,['The Neghbourhood'],240400
Anyone,['Justin Biber'],190779
Best Friend (feat. Doja Cit),"['Saweetie', 'Doja Cat']",155884
Someone You Loved,['Livis Capaldi'],182161
My Haed & My Heart,['Ava Max'],174760
death bed (coffee fou your head),"['Powfu', 'beabadoobee']",173333
Levitating (feat. DaBaby),"['Dua Lipa', 'DaBaby']",203064
Life Goes On,['BTS'],207481
HOLIDAY,['Lil Nas X'],154998
La Nota,"['Manuel Turizo', 'Rauw Alejandro', 'Myke Towers']",216107
Goosebumps,['HVME'],163208
For The Night (feat. Lil Baby & DaBaby),"['Pop Smoke', 'Lil Baby', 'DaBaby']",190476
RAPSTAR,['Polo G'],165926
Wants and Needs (feat. Lil Baby),"['Drake', 'Lil Baby']",192956
Batom de Cereja - Ao Vivo,['Israel & Rodolffo'],140942
GIRL LIKE ME,"['Black Eyed Peas', 'Shakira']",222523
Whoopty,['CJ'],123263
lovely (with Khalid),"['Billie Eilish', 'Khalid']",200186
Circles,['Post Malone'],215280
Arcade,['Duncan Laurence'],183624
Heather,['Conan Gray'],198040
goosebumps,['Travis Scott'],243837
Lucid Dreams,['Juice WRLD'],239836
Memories,['Maroon 5'],189486
Laugh Now Cry Later (feat. Lil Durk),"['Drake', 'Lil Durk']",261493
Dance Monkey,['Tones And I'],209438
Golden,['Harry Styles'],208907
The Box,['Roddy Ricch'],196653
Breaking Me,"['Topic', 'A7S']",166794
Relación - Remix,"['Sech', 'Daddy Yankee', 'J Balvin', 'ROSALÍA', 'Farruko']",247308
Film out,['BTS'],214621
TE MUDASTE,['Bad Bunny'],130014
bad guy,['Billie Eilish'],194088
No Te Enamores - Remix,"['Milly', 'Farruko', 'Nio Garcia', 'Jay Wheeler', 'Amenazzy']",289933
Afterglow,['Ed Sheeran'],185487
Martin & Gina,['Polo G'],132833
Hold On,['Justin Bieber'],170813
Believer,['Imagine Dragons'],204347
Roses - Imanbek Remix,"['SAINt JHN', 'Imanbek']",176840
Adore You,['Harry Styles'],207133
Lemonade,"['Internet Money', 'Gunna', 'Don Toliver', 'NAV']",195429
Savage Love (Laxed - Siren Beat),"['Jawsh 685', 'Jason Derulo']",171375
Take You Dancing,['Jason Derulo'],190306
Prisoner (feat. Dua Lipa),"['Miley Cyrus', 'Dua Lipa']",169333
Una Locura,"['Ozuna', 'J Balvin', 'Chencho Corleone']",230693
Hello (feat. A Boogie Wit da Hoodie),"['Pop Smoke', 'A Boogie Wit da Hoodie']",190534
Reloj,"['Rauw Alejandro', 'Anuel AA']",231595
Wishing Well,['Juice WRLD'],194621
Lonely (with benny blanco),"['Justin Bieber', 'benny blanco']",149297
Mi Niña,"['Wisin', 'Myke Towers', 'Los Legendarios']",213314
UN DIA (ONE DAY) (Feat. Tainy),"['J Balvin', 'Tainy', 'Dua Lipa', 'Bad Bunny']",232253
Holy (feat. Chance The Rapper),"['Justin Bieber', 'Chance the Rapper']",212093
SugarCrash!,['ElyOtto'],80081
Chica Ideal,"['Sebastian Yatra', 'Guaynaa']",183240
Shape of You,['Ed Sheeran'],233713
All Girls Are The Same,['Juice WRLD'],165820
Daddy Issues,['The Neighbourhood'],260173
Follow You,['Imagine Dragons'],175644
Tapão Na Raba,['Raí Saia Rodada'],175047
BED,"['Joel Corry', 'RAYE', 'David Guetta']",178088
everything i wanted,['Billie Eilish'],245426
7 rings,['Ariana Grande'],178627
Ride It,['Regard'],157606
SAD!,['XXXTENTACION'],166606
Falling,['Harry Styles'],240133
HIGHEST IN THE ROOM,['Travis Scott'],175721
Robbery,['Juice WRLD'],240051
The Hills,['The Weeknd'],242253
Perfect,['Ed Sheeran'],263400
Say You Won't Let Go,['James Arthur'],211467
Train Wreck,['James Arthur'],208827
Facas - Ao Vivo,"['Diego & Victor Hugo', 'Bruno & Marrone']",196380
SICKO MODE,['Travis Scott'],312820
Jocelyn Flores,['XXXTENTACION'],119133
All of Me,['John Legend'],269560
Do I Wanna Know?,['Arctic Monkeys'],272394
Cupid's Chokehold / Breakfast in America,['Gym Class Heroes'],243773
Put Your Records On,['Ritt Momney'],210463
LOCATION,"['KAROL G', 'Anuel AA', 'J Balvin']",265240
Travesuras - Remix,"['Nio Garcia', 'Casper Magico', 'Ozuna', 'Wisin & Yandel', 'Myke Towers', 'Flow La Movie']",324426
Cover Me In Sunshine,"['P!nk', 'Willow Sage Hart']",141050
Wasted Love (feat. Lagique),"['Ofenbach', 'Lagique']",139563
Lemon Pepper Freestyle (feat. Rick Ross),"['Drake', 'Rick Ross']",383037
Fan de Tus Fotos,"['Nicky Jam', 'Romeo Santos']",197647
Además de Mí - Remix,"['Rusherking', 'KHEA', 'Duki', 'Maria Becerra', 'Lit Killah', 'Tiago PZK']",330040
PROBLEMA,['Daddy Yankee'],184507
Stuck with U (with Justin Bieber),"['Ariana Grande', 'Justin Bieber']",228482
Closer,"['The Chainsmokers', 'Halsey']",244960
Hayloft,['Mother Mother'],181680
Hope,['XXXTENTACION'],110886
Snowman,['Sia'],165907
Shallow,"['Lady Gaga', 'Bradley Cooper']",215733
rockstar (feat. 21 Savage),"['Post Malone', '21 Savage']",218147
POPSTAR (feat. Drake),"['DJ Khaled', 'Drake']",200221
Before You Go,['Lewis Capaldi'],215107
ROXANNE,['Arizona Zervas'],163636
Clean White Noise - Loopable with no fade,"['Erik Eriksson', 'White Noise Baby Sleep', 'White Noise for Babies']",90228
Don't Start Now,['Dua Lipa'],183290
Star Shopping,['Lil Peep'],142000
Yellow,['Coldplay'],266773
Dreams - 2004 Remaster,['Fleetwood Mac'],257800
Take on Me,['a-ha'],225280
Why'd You Only Call Me When You're High?,['Arctic Monkeys'],161124
Dior,['Pop Smoke'],216387
The Nights,['Avicii'],176658
when the party's over,['Billie Eilish'],196077
If the World Was Ending - feat. Julia Michaels,"['JP Saxe', 'Julia Michaels']",208687
On The Ground,['ROSÉ'],168086
The Less I Know The Better,['Tame Impala'],216320
Starboy,"['The Weeknd', 'Daft Punk']",230453
Devil Eyes,['Hippie Sabotage'],131272
"Lemonade (feat. Gunna, Don Toliver & NAV)","['Internet Money', 'Gunna', 'Don Toliver', 'NAV']",195429
hot girl bummer,['blackbear'],188344
La Curiosidad,"['Jay Wheeler', 'DJ Nelson', 'Myke Towers']",219048
Come & Go (with Marshmello),"['Juice WRLD', 'Marshmello']",205485
Polvo,"['Nicky Jam', 'Myke Towers']",211130
Parce (feat. Justin Quiles),"['Maluma', 'Lenny Tavárez', 'Justin Quiles']",248345
Stressed Out,['Twenty One Pilots'],202333
Electric Love,['BØRNS'],218107
Love Not War (The Tampa Beat),"['Jason Derulo', 'Nuka']",192921
Godzilla (feat. Juice WRLD),"['Eminem', 'Juice WRLD']",210800
Esquema Preferido,"['DJ Ivis', 'Tarcísio do Acordeon']",189463
Ponte Pa' Mi,['Justin Quiles'],202373
Maniac,['Conan Gray'],185773
Mood Swings (feat. Lil Tjay),"['Pop Smoke', 'Lil Tjay']",213333
Girls Like Us,['Zoe Wees'],189000
In Your Eyes,['The Weeknd'],237520
At My Worst,['Pink Sweat$'],170345
La Tóxica,['Farruko'],180520
my ex's best friend (with blackbear),"['Machine Gun Kelly', 'blackbear']",139461
Coração Na Cama,['Hugo & Guilherme'],173227
Sofia,['Clairo'],188387
ily (i love you baby) (feat. Emilee),"['Surf Mesa', 'Emilee']",176547
Say So,['Doja Cat'],237893
Hasta Abajo,"['Kevin Roldan', 'Bryant Myers', 'Lyanno']",229827
"L-Gante: Bzrp Music Sessions, Vol.38","['Bizarrap', 'L-Gante']",192348
"10,000 Hours (with Justin Bieber)","['Dan + Shay', 'Justin Bieber']",167693
On The Ground,['ROSÉ'],168086
Are You Bored Yet? (feat. Clairo),"['Wallows', 'Clairo']",178000
Tusa,"['KAROL G', 'Nicki Minaj']",200960
Every Breath You Take,['The Police'],253920
Lose Control,"['MEDUZA', 'Becky Hill', 'Goodboys']",168387
Billie Jean,['Michael Jackson'],293827
Get You The Moon (feat. Snøw),"['Kina', 'Snøw']",179080
'Till I Collapse,"['Eminem', 'Nate Dogg']",297787
Without Me,['Eminem'],290320
Mood (feat. iann dior),"['24kGoldn', 'iann dior']",140533
As I Am (feat. Khalid),"['Justin Bieber', 'Khalid']",174406
Disco Arranhado - Funk Remix,"['Malu', 'DJ Lucas Beat']",125558
Antes,"['Anuel AA', 'Ozuna']",206587
What Other People Say,"['Sam Fischer', 'Demi Lovato']",194890
Anyone,['Justin Bieber'],190779
Love Story (Taylor’s Version),['Taylor Swift'],235767
Moonlight,['XXXTENTACION'],135090
Happier,"['Marshmello', 'Bastille']",214290
Sunflower - Spider-Man: Into the Spider-Verse,"['Post Malone', 'Swae Lee']",158040
SLOW DANCING IN THE DARK,['Joji'],209274
Let Me Down Slowly,['Alec Benjamin'],169354
Falling,['Trevor Daniel'],159382
When I Was Your Man,['Bruno Mars'],213827
Can't Hold Us - feat. Ray Dalton,['Macklemore & Ryan Lewis'],258343
Locked out of Heaven,['Bruno Mars'],233478
Wake Me Up,['Avicii'],247427
No Role Modelz,['J. Cole'],292987
Photograph,['Ed Sheeran'],258987
Slumber Party (feat. Princess Nokia),"['Ashnikko', 'Princess Nokia']",178405
Machu Picchu,"['Camilo', 'Evaluna Montaner']",179005
Calling My Phone,"['Lil Tjay', '6LACK']",205458
Hawái,['Maluma'],200198
Heat Waves,['Glass Animals'],238805
BEBÉ,"['Camilo', 'El Alfa']",198707
Se Te Nota (with Guaynaa),"['Lele Pons', 'Guaynaa']",155825
Body,['Megan Thee Stallion'],171067
Life Is Good (feat. Drake),"['Future', 'Drake']",237735
Back In Blood (feat. Lil Durk),"['Pooh Shiesty', 'Lil Durk']",184490
Vida de Rico,['Camilo'],187427
Heat Waves,['Glass Animals'],238805
Dancing in My Room,['347aidan'],180139
Pumped Up Kicks,['Foster The People'],239600
willow,['Taylor Swift'],214707
Go Crazy,"['Chris Brown', 'Young Thug']",176960
Kiss Me More (feat. SZA),"['Doja Cat', 'SZA']",208867
Everybody Dies In Their Nightmares,['XXXTENTACION'],95467
Thunder,['Imagine Dragons'],187147
Back In Black,['AC/DC'],255493
On Me,['Lil Baby'],135960
Don't Start Now,['Dua Lipa'],183290
Explícito,['Myke Towers'],195066
Monster (Shawn Mendes & Justin Bieber),"['Shawn Mendes', 'Justin Bieber']",178994
Kings & Queens,['Ava Max'],162399
Cloud 9,['Beach Bunny'],147351
F.N,['Lil Tjay'],224000
July,['Noah Cyrus'],156106
Take Me To Church,['Hozier'],241688
Más De La Una,"['Piso 21', 'Maluma']",236731
Remember That Night?,['Sara Kays'],227186
Boss Bitch,['Doja Cat'],134240
Lance Individual,['Jorge & Mateus'],164459
Hips Don't Lie (feat. Wyclef Jean),"['Shakira', 'Wyclef Jean']",218093
Counting Stars,['OneRepublic'],257267
All I Want,['Kodaline'],305747
Story of My Life,['One Direction'],245493
Jeans,['Justin Quiles'],185840
BOP,['DaBaby'],159715
Sunday Best,['Surfaces'],158571
Hawái,['Maluma'],199112
Everybody Wants To Rule The World,['Tears For Fears'],251489
Head Shoulders Knees & Toes (feat. Norma Jean Martine),"['Ofenbach', 'Quarterhead', 'Norma Jean Martine']",156960
Livin' On A Prayer,['Bon Jovi'],249293
Be Kind (with Halsey),"['Marshmello', 'Halsey']",172762
The Real Slim Shady,['Eminem'],284200
In the End,['Linkin Park'],216880
Alô Ambev (Segue Sua Vida) - Ao Vivo,['Zé Neto & Cristiano'],169593
What Makes You Beautiful,['One Direction'],199987
"WHATS POPPIN (feat. DaBaby, Tory Lanez & Lil Wayne) - Remix","['Jack Harlow', 'Tory Lanez', 'DaBaby', 'Lil Wayne']",227478
Spicy (feat. Post Malone),"['Ty Dolla $ign', 'Post Malone']",143375
Play Date,['Melanie Martinez'],179867
Love Yourself,['Justin Bieber'],233720
Thinking out Loud,['Ed Sheeran'],281560
Seven Nation Army,['The White Stripes'],231733
"thank u, next",['Ariana Grande'],207320
BOOKER T,['Bad Bunny'],156430
Highway to Hell,['AC/DC'],208400
It's You,['Ali Gatie'],212607
Met Him Last Night (feat. Ariana Grande),"['Demi Lovato', 'Ariana Grande']",204632
GREECE (feat. Drake),"['DJ Khaled', 'Drake']",218902
This City,['Sam Fischer'],194853
Fly Away,['Tones And I'],178157
21,['Polo G'],163798
Sweet but Psycho,['Ava Max'],187436
Break My Heart,['Dua Lipa'],221820
Mi Cuarto,['Jerry Di'],197587
After Party,['Don Toliver'],167916
Africa,['TOTO'],295893
Del Mar,"['Ozuna', 'Doja Cat', 'Sia']",214507
I Feel It Coming,"['The Weeknd', 'Daft Punk']",269187
Redbone,['Childish Gambino'],326933
Stereo Hearts (feat. Adam Levine),"['Gym Class Heroes', 'Adam Levine']",210960
Lose You To Love Me,['Selena Gomez'],206459
LA CANCIÓN,"['J Balvin', 'Bad Bunny']",242573
Line Without a Hook,['Ricky Montgomery'],249587
THE SCOTTS,"['THE SCOTTS', 'Travis Scott', 'Kid Cudi']",165978
Something Just Like This,"['The Chainsmokers', 'Coldplay']",247160
Señorita,"['Shawn Mendes', 'Camila Cabello']",190960
Sucker,['Jonas Brothers'],181027
OUT WEST (feat. Young Thug),"['JACKBOYS', 'Travis Scott', 'Young Thug']",157712
Boy With Luv (feat. Halsey),"['BTS', 'Halsey']",229773
Love Is Gone - Acoustic,"['SLANDER', 'Dylan Matthew']",176972
The Scientist,['Coldplay'],309600
XO Tour Llif3,['Lil Uzi Vert'],182707
"Hey, Soul Sister",['Train'],216773
Quero Ver é Me Esquecer (feat. Jorge) - Ao Vivo,"['Os Barões Da Pisadinha', 'Jorge']",147876
changes,['XXXTENTACION'],121887
Fuck Love (feat. Trippie Redd),"['XXXTENTACION', 'Trippie Redd']",146520
Runaway,['AURORA'],248827
Mala Costumbre,"['Manuel Turizo', 'Wisin & Yandel']",230728
Up,['Cardi B'],156945
You All Over Me (feat. Maren Morris) (Taylor’s Version) (From The Vault),"['Taylor Swift', 'Maren Morris']",220839
Unstable (feat. The Kid LAROI),"['Justin Bieber', 'The Kid LAROI']",158324
As I Am (feat. Khalid),"['Justin Bieber', 'Khalid']",174406
Ropa Cara,['Camilo'],163320
Wellerman - Sea Shanty,['Nathan Evans'],155333
EL MAKINON,"['KAROL G', 'Mariah Angeliq']",209160
M4,"['Teto', 'Matuê']",170000
Latest Trends,['A1 x J1'],158118
That's What I Like,['Bruno Mars'],206693
Agua de Jamaica,['Maluma'],176970
Paradigmas,['Jorge & Mateus'],157355
Hotel California - 2013 Remaster,['Eagles'],391376
Burning Pile,['Mother Mother'],262173
I Like Me Better,['Lauv'],197437
Sign of the Times,['Harry Styles'],340707
High Hopes,['Panic! At The Disco'],190947
Bad Boy (with Young Thug),"['Juice WRLD', 'Young Thug']",157355
Whoopty,['CJ'],123263
Beat Box 3 (feat. DaBaby),"['SpotemGottem', 'DaBaby']",200424
Troca de Calçada,['Marília Mendonça'],203158
Tu Veneno,['J Balvin'],157320
Better Now,['Post Malone'],231267
2002,['Anne-Marie'],186987
God's Plan,['Drake'],198973
Off My Face,['Justin Bieber'],156468
Bohemian Rhapsody - Remastered 2011,['Queen'],354320
Acaso,['Vitor Fernandes'],200891
Dynamite,['BTS'],199054
Arcade,['Duncan Laurence'],185147
Lasting Lover,"['Sigala', 'James Arthur']",218359
"La Curiosidad (feat. Dj Nelson, Jhay Cortez, Lunay & Kendo Kaponi) - Blue Grand Prix Remix","['Jay Wheeler', 'Myke Towers', 'Rauw Alejandro', 'DJ Nelson', 'Jhay Cortez', 'Lunay', 'Kendo Kaponi']",382555
Cry Baby (feat. DaBaby),"['Megan Thee Stallion', 'DaBaby']",137984
ROLLIN N CONTROLLIN FREESTYLE,['DUSTY LOCANE'],191209
Rain On Me (with Ariana Grande),"['Lady Gaga', 'Ariana Grande']",182200
"Ay, DiOs Mío!",['KAROL G'],189653
Chicago Freestyle (feat. Giveon),"['Drake', 'Giveon']",220488
The Woo (feat. 50 Cent & Roddy Ricch),"['Pop Smoke', '50 Cent', 'Roddy Ricch']",201600
cardigan,['Taylor Swift'],239560
Blueberry Faygo,['Lil Mosey'],162547
CÓMO SE SIENTE - Remix,"['Jhay Cortez', 'Bad Bunny']",227520
Último Beijo,"['Bruno & Marrone', 'Wesley Safadão']",181279
"3G (feat. Jon Z, Don Chezina, Chencho Corleone & Myke Towers) - Remix","['Wisin', 'Yandel', 'Farruko', 'Jon Z', 'Don Chezina', 'Chencho Corleone', 'Myke Towers']",366613
Hawái - Remix,"['Maluma', 'The Weeknd']",200482
Tattoo - Remix with Camilo,"['Rauw Alejandro', 'Camilo']",222680
Murder On My Mind,['YNW Melly'],268434
Lovefool,['twocolors'],190488
Bruises,['Lewis Capaldi'],220492
Bad Romance,['Lady Gaga'],294573
Losing My Religion,['R.E.M.'],268427
E-GIRLS ARE RUINING MY LIFE!,"['CORPSE', 'Savage Ga$p']",105176
i love you,['Billie Eilish'],291796
Big Gangsta,['Kevin Gates'],243463
I Don't Care (with Justin Bieber),"['Ed Sheeran', 'Justin Bieber']",219947
Pop Out (feat. Lil Tjay),"['Polo G', 'Lil Tjay']",166560
Bandit (with YoungBoy Never Broke Again),"['Juice WRLD', 'YoungBoy Never Broke Again']",189323
Before You Go,['Lewis Capaldi'],215107
Ballin' (with Roddy Ricch),"['Mustard', 'Roddy Ricch']",180435
No Guidance (feat. Drake),"['Chris Brown', 'Drake']",260640
Still Don't Know My Name,['Labrinth'],153294
To the Bone,['Pamungkas'],344571
Safaera,"['Bad Bunny', 'Jowell & Randy', 'Ñengo Flow']",295177
Old Town Road - Remix,"['Lil Nas X', 'Billy Ray Cyrus']",157067
Wow.,['Post Malone'],149547
Ransom,['Lil Tecca'],131240
Smells Like Teen Spirit,['Nirvana'],301920
See You Again (feat. Charlie Puth),"['Wiz Khalifa', 'Charlie Puth']",229526
All We Got (feat. KIDDO),"['Robin Schulz', 'KIDDO']",190218
WHATS POPPIN,['Jack Harlow'],139741
Runnin,"['21 Savage', 'Metro Boomin']",195906
"Nathy Peluso: Bzrp Music Sessions, Vol. 36","['Bizarrap', 'Nathy Peluso']",171215
Tick Tock (feat. 24kGoldn),"['Clean Bandit', 'Mabel', '24kGoldn']",178374
No Idea,['Don Toliver'],154424
Amor da Despedida,"['Os Barões Da Pisadinha', 'Fernando & Sorocaba']",169773
Heat Waves,['Glass Animals'],238805
Mr Loverman,['Ricky Montgomery'],216880
AP - Music from the film Boogie,['Pop Smoke'],171892
Here Comes The Sun - Remastered 2009,['The Beatles'],185733
How to Save a Life,['The Fray'],262533
Another Love,['Tom Odell'],244360
Happier,['Ed Sheeran'],207520
There's Nothing Holdin' Me Back,['Shawn Mendes'],199440
Treat You Better,['Shawn Mendes'],187973
HUMBLE.,['Kendrick Lamar'],177000
Look At Me!,['XXXTENTACION'],126346
TiK ToK,['Kesha'],199693
Love The Way You Lie,"['Eminem', 'Rihanna']",263373
Let You Down,['NF'],212120
Hold On,['Chord Overstreet'],198853
20 Min,['Lil Uzi Vert'],220587
X Gon' Give It To Ya,['DMX'],217587
Fortunate Son,['Creedence Clearwater Revival'],140773
One Dance,"['Drake', 'WizKid', 'Kyla']",173987
Creep,['Radiohead'],238640
Just Give Me a Reason (feat. Nate Ruess),"['P!nk', 'Nate Ruess']",242733
Payphone,"['Maroon 5', 'Wiz Khalifa']",231173
Dead Man Walking,['Brent Faiyaz'],247080
the remedy for a broken heart (why am I so in love),['XXXTENTACION'],160184
You Are The Reason,['Calum Scott'],204326
Call Out My Name,['The Weeknd'],228373
Falling Down - Bonus Track,"['Lil Peep', 'XXXTENTACION']",196400
Without Me,['Halsey'],201661
Dancing On My Own,['Calum Scott'],260285
I Like It,"['Cardi B', 'Bad Bunny', 'J Balvin']",253390
The Middle,"['Zedd', 'Maren Morris', 'Grey']",184732
Copines,['Aya Nakamura'],171720
Fix You,['Coldplay'],295533
Feel Good Inc.,['Gorillaz'],222640
Ric Flair Drip (& Metro Boomin),"['Offset', 'Metro Boomin']",172800
Thunderstruck,['AC/DC'],292880
Congratulations,"['Post Malone', 'Quavo']",220293
One Kiss (with Dua Lipa),"['Calvin Harris', 'Dua Lipa']",214847
Heathens,['Twenty One Pilots'],195920
Lifestyle (feat. Adam Levine),"['Jason Derulo', 'Adam Levine', 'Maroon 5']",153865
Holy (feat. Chance The Rapper),"['Justin Bieber', 'Chance the Rapper']",212093
I'm Still Standing,['Elton John'],183440
Sweet Dreams (Are Made of This) - Remastered,"['Eurythmics', 'Annie Lennox', 'Dave Stewart']",216933
Ghost,['Justin Bieber'],153190
Opp Stoppa (feat. 21 Savage),"['YBN Nahmir', '21 Savage']",135431
FALA MAL DE MIM,"['PEDRO SAMPAIO', 'Daniel Caon', 'Wesley Safadão']",154182
Deixa de Onda (Porra Nenhuma),"['DENNIS', 'Xamã', 'LUDMILLA']",185000
I Wanna Dance with Somebody (Who Loves Me),['Whitney Houston'],291293
Just the Way You Are,['Bruno Mars'],220733
Talking to the Moon,['Bruno Mars'],217867
Gone,['ROSÉ'],207164
Toxic,['Britney Spears'],198800
Numb,['Linkin Park'],185587
Umbrella,"['Rihanna', 'JAY-Z']",275987
Stay With Me,['Sam Smith'],172724
Summer,['Calvin Harris'],222533
Yeah! (feat. Lil Jon & Ludacris),"['Usher', 'Lil Jon', 'Ludacris']",250373
Night Changes,['One Direction'],226600
I'm Yours,['Jason Mraz'],242187
Sweet Home Alabama,['Lynyrd Skynyrd'],283800
Tongue Tied,['Grouplove'],218013
Summer Of '69,['Bryan Adams'],216053
Gangsta's Paradise,"['Coolio', 'L.V.']",240693
Uptown Funk (feat. Bruno Mars),"['Mark Ronson', 'Bruno Mars']",269667
Mds,"['Kawe', 'Mc Lele JP']",125143
I Fall Apart,['Post Malone'],223347
Another One Bites The Dust - Remastered 2011,['Queen'],214653
Jerusalema (feat. Nomcebo Zikode),"['Master KG', 'Nomcebo Zikode']",342613
Yo Perreo Sola,['Bad Bunny'],172127
You’re Mines Still (feat. Drake),"['Yung Bleu', 'Drake']",226220
En Tu Cuerpo - Remix,"['Lyanno', 'Rauw Alejandro', 'Lenny Tavárez', 'Maria Becerra']",310860
Glad You Exist,['Dan + Shay'],144533
Element,['Pop Smoke'],135747
Young Dumb & Broke,['Khalid'],202547
Sweet Child O' Mine,"[""Guns N' Roses""]",354520
Floating Through Space,"['Sia', 'David Guetta']",177801
Sugar,['Maroon 5'],235493
Shut Up and Dance,['WALK THE MOON'],199080
See You Again (feat. Kali Uchis),"['Tyler, The Creator', 'Kali Uchis']",180387
Mask Off,['Future'],204600
Don't Stop Me Now - Remastered 2011,['Queen'],209413
motive (with Doja Cat),"['Ariana Grande', 'Doja Cat']",167990
Time of Our Lives,"['Pitbull', 'Ne-Yo']",229360
Am,"['Nio Garcia', 'Flow La Movie']",182496
Christian Dior,['Jhay Cortez'],147120
Demons,['Imagine Dragons'],177507
What A Man Gotta Do,['Jonas Brothers'],180645
Dangerous,"['Kardinal Offishall', 'Akon']",246053
IDK You Yet,['Alexander 23'],184638
Unforgettable,"['French Montana', 'Swae Lee']",233902
Californication,['Red Hot Chili Peppers'],329733
Deep End,['Fousheé'],141224
Promiscuous,"['Nelly Furtado', 'Timbaland']",242293
Reminds Me Of You,"['Juice WRLD', 'The Kid LAROI']",158033
Aloha,"['Maluma', 'Beéle', 'Rauw Alejandro', 'Mambo Kingz', 'DJ Luian', 'Darell']",241659
Tyler Herro,['Jack Harlow'],156498
Don't Stop Believin',['Journey'],250987
Shy Away,['Twenty One Pilots'],175044
2 Much,['Justin Bieber'],152796
DAYWALKER! (feat. CORPSE),"['Machine Gun Kelly', 'CORPSE']",137747
Deserve You,['Justin Bieber'],187239
I'm Not The Only One,['Sam Smith'],239317
Sex on Fire,['Kings of Leon'],203347
Mr. Blue Sky,['Electric Light Orchestra'],303373
CHICKEN TENDIES,['Clinton Kane'],196844
In My Mind,"['Dynoro', ""Gigi D'Agostino""]",184560
ocean eyes,['Billie Eilish'],200379
Dusk Till Dawn - Radio Edit,"['ZAYN', 'Sia']",239000
Silence,"['Marshmello', 'Khalid']",180823
Mirrors,['Justin Timberlake'],484147
Safe And Sound,['Capital Cities'],192790
FRIENDS,"['Marshmello', 'Anne-Marie']",202621
Natural,['Imagine Dragons'],189467
Blood // Water,['grandson'],216721
comethru,['Jeremy Zucker'],181613
Last Resort,['Papa Roach'],199907
Hey There Delilah,"[""Plain White T's""]",232533
"Give Me Everything (feat. Ne-Yo, Afrojack & Nayer)","['Pitbull', 'Ne-Yo', 'Afrojack', 'Nayer']",252307
New Rules,['Dua Lipa'],209320
Shower,['Becky G'],206167
Going Bad (feat. Drake),"['Meek Mill', 'Drake']",180522
Let Me Love You,"['DJ Snake', 'Justin Bieber']",205947
怪物,['YOASOBI'],206000
Bubblegum Bitch,['MARINA'],154667
Skin,['Sabrina Carpenter'],177500
Angels Like You,['Miley Cyrus'],196453
Patience (feat. YUNGBLUD & Polo G),"['KSI', 'YUNGBLUD', 'Polo G']",181720
Rise Up (feat. Vamero),"['VINAI', 'VAMERO']",182000
"34+35 Remix (feat. Doja Cat, Megan Thee Stallion) - Remix","['Ariana Grande', 'Doja Cat', 'Megan Thee Stallion']",182438
Feel So Close - Radio Edit,['Calvin Harris'],206413
Real As It Gets (feat. EST Gee),"['Lil Baby', 'EST Gee']",192804
Loved By You (feat. Burna Boy),"['Justin Bieber', 'Burna Boy']",159250
Selfish Love (with Selena Gomez),"['DJ Snake', 'Selena Gomez']",168649
Pressure (feat. Tove Lo),"['Martin Garrix', 'Tove Lo']",144391
Ni**as In Paris,"['JAY-Z', 'Kanye West']",219333
Time Today,['Moneybagg Yo'],136939
Track Star,['Mooski'],199706
Everybody Talks,['Neon Trees'],177280
La Santa,"['Bad Bunny', 'Daddy Yankee']",206420
Centuries,['Fall Out Boy'],228360
The Chain - 2004 Remaster,['Fleetwood Mac'],270213
Wolves (feat. Post Malone),"['Big Sean', 'Post Malone']",199758
Invincible,['Pop Smoke'],127547
Wonder,['Shawn Mendes'],172693
Ride,['Twenty One Pilots'],214507
Violent,['carolesdaughter'],135878
Wait a Minute!,['WILLOW'],196520
You Got It,['Vedo'],203145
Be Like That - feat. Swae Lee & Khalid,"['Kane Brown', 'Swae Lee', 'Khalid']",191406
Can I Call You Tonight?,['Dayglow'],278769
Higher Love,"['Kygo', 'Whitney Houston']",228267
Money In The Grave (Drake ft. Rick Ross),"['Drake', 'Rick Ross']",205427
Ain't No Mountain High Enough,"['Marvin Gaye', 'Tammi Terrell']",151667
Righteous,['Juice WRLD'],242181
HACIENDO QUE ME AMAS,['Bad Bunny'],217769
De Cora <3,"['Rauw Alejandro', 'J Balvin']",190101
Si Me Tomo Una Cerveza,"['Migrantes', 'Alico']",182199
Hate The Other Side (with Marshmello & The Kid Laroi),"['Juice WRLD', 'Marshmello', 'The Kid LAROI', 'Polo G']",160212
Stronger,['Kanye West'],311867
Just the Two of Us (feat. Bill Withers),"['Grover Washington, Jr.', 'Bill Withers']",237106
Be Alright,['Dean Lewis'],196373
Ms. Jackson,['Outkast'],270507
Drip Too Hard (Lil Baby & Gunna),"['Lil Baby', 'Gunna']",145543
Havana (feat. Young Thug),"['Camila Cabello', 'Young Thug']",217307
Can We Kiss Forever?,"['Kina', 'Adriana Proenza']",187932
Bad Liar,['Imagine Dragons'],260773
Mr. Perfectly Fine (Taylor’s Version) (From The Vault),['Taylor Swift'],277592
Can't Feel My Face,['The Weeknd'],213520
Drag Me Down,['One Direction'],192120
we fell in love in october,['girl in red'],184154
Attention,['Charlie Puth'],208787
"Rocket Man (I Think It's Going To Be A Long, Long Time)",['Elton John'],281613
"Mood (Remix) feat. Justin Bieber, J Balvin & iann dior","['24kGoldn', 'Justin Bieber', 'J Balvin', 'iann dior']",192745
pov,['Ariana Grande'],201882
Levitating,['Dua Lipa'],203808
Forever After All,['Luke Combs'],232533
Pulei na Piscina - Ao Vivo,['Guilherme & Benuto'],181846
Si Veo a Tu Mamá,['Bad Bunny'],170972
Daisy,['Ashnikko'],146523
"Ele É Ele, Eu Sou Eu","['Wesley Safadão', 'Os Barões Da Pisadinha']",155210
Youngblood,['5 Seconds of Summer'],203418
Too Good At Goodbyes,['Sam Smith'],201000
I Wanna Be Yours,['Arctic Monkeys'],183956
Callaita,"['Bad Bunny', 'Tainy']",250534
Mr. Brightside,['The Killers'],222973
I Gotta Feeling,['Black Eyed Peas'],289133
Despeinada,"['Ozuna', 'Camilo']",224187
Please Don't Go,['Mike Posner'],196813
Classic,['MKTO'],175427
I Can't Handle Change,['Roar'],198213
Prisoner (feat. Dua Lipa),"['Miley Cyrus', 'Dua Lipa']",169333
How You Like That,['BLACKPINK'],182956
Sunflower - Spider-Man: Into the Spider-Verse,"['Post Malone', 'Swae Lee']",157560
Señorita,"['Shawn Mendes', 'Camila Cabello']",190800
Blueberry Faygo,['Lil Mosey'],162547
Reloj,"['Rauw Alejandro', 'Anuel AA']",231595
"Ele É Ele, Eu Sou Eu","['Wesley Safadão', 'Os Barões Da Pisadinha']",155210
Your New Boyfriend,['Wilbur Soot'],239667
Toosie Slide,['Drake'],247059
Don't Call Me Up,['Mabel'],178480
Piece Of Your Heart,"['MEDUZA', 'Goodboys']",152913
Happiest Year,['Jaymes Young'],228443
you were good to me,"['Jeremy Zucker', 'Chelsea Cutler']",219147
MIDDLE CHILD,['J. Cole'],213594
YEAH RIGHT,['Joji'],174358
Paparazzi,['Kim Dracula'],192358
Psycho (feat. Ty Dolla $ign),"['Post Malone', 'Ty Dolla $ign']",221440
God is a woman,['Ariana Grande'],197547
Space Cadet (feat. Gunna),"['Metro Boomin', 'Gunna']",203267
Praise The Lord (Da Shine) (feat. Skepta),"['A$AP Rocky', 'Skepta']",205040
Little Dark Age,['MGMT'],299960
BUTTERFLY EFFECT,['Travis Scott'],190557
All The Stars (with SZA),"['Kendrick Lamar', 'SZA']",232187
La Jeepeta - Remix,"['Nio Garcia', 'Anuel AA', 'Myke Towers', 'Brray', 'Juanka']",345241
Si Estuviésemos Juntos,['Bad Bunny'],169248
Way Out (feat. Big Sean),"['Jack Harlow', 'Big Sean']",168906
Don't Say Goodbye (feat. Tove Lo),"['Alok', 'Ilkay Sencan', 'Tove Lo']",186700
I CAN'T STOP ME,['TWICE'],205493
Party Girl,['StaySolidRocky'],147800
Let's Love,"['David Guetta', 'Sia']",200645
É Problema,['Matheus & Kauan'],184149
A Tu Merced,['Bad Bunny'],175918
"F*CK YOU, GOODBYE (feat. Machine Gun Kelly)","['The Kid LAROI', 'Machine Gun Kelly']",144860
La Difícil,['Bad Bunny'],163084
Know Your Worth,"['Khalid', 'Disclosure']",181436
Armed And Dangerous,['Juice WRLD'],169999
exile (feat. Bon Iver),"['Taylor Swift', 'Bon Iver']",285634
Dead To Me,['Kali Uchis'],199506
Chanel,['Frank Ocean'],210285
Timber (feat. Ke$ha),"['Pitbull', 'Kesha']",204160
Still D.R.E.,"['Dr. Dre', 'Snoop Dogg']",270587
Hall of Fame (feat. will.i.am),"['The Script', 'will.i.am']",202533
SexyBack (feat. Timbaland),"['Justin Timberlake', 'Timbaland']",242733
Maps,['Maroon 5'],189960
Whatever It Takes,['Imagine Dragons'],201240
All The Small Things,['blink-182'],167067
Wannabe,['Spice Girls'],173027
Oops!...I Did It Again,['Britney Spears'],211160
Legends Never Die,"['League of Legends', 'Against The Current']",235000
"Dear Maria, Count Me In",['All Time Low'],182827
Lean Wit Me,['Juice WRLD'],175755
505,['Arctic Monkeys'],253587
More Than You Know,['Axwell /\\ Ingrosso'],203000
Get You (feat. Kali Uchis),"['Daniel Caesar', 'Kali Uchis']",278180
IDGAF,['Dua Lipa'],217947
Kiwi,['Harry Styles'],176387
Location,['Khalid'],219080
idontwannabeyouanymore,['Billie Eilish'],203569
Save That Shit,['Lil Peep'],231547
You Give Love A Bad Name,['Bon Jovi'],222707
Passionfruit,['Drake'],298941
Heartless,['The Weeknd'],198267
September,"['Earth, Wind & Fire']",215093
Sultans Of Swing,['Dire Straits'],348624
Bring Me To Life,['Evanescence'],235893
Whiskey Glasses,['Morgan Wallen'],234347
no tears left to cry,['Ariana Grande'],205920
Legends,['Juice WRLD'],191840
Animals,['Maroon 5'],231013
"Happy - From ""Despicable Me 2""",['Pharrell Williams'],232720
Dancin (feat. Luvli) - Krono Remix,"['Aaron Smith', 'Krono', 'Luvli']",198053
A Thousand Years,['Christina Perri'],285120
Wet Dreamz,['J. Cole'],239320
The Night We Met,['Lord Huron'],208212
Waiting For Love,['Avicii'],230613
Can't Stop,['Red Hot Chili Peppers'],269000
Blank Space,['Taylor Swift'],231827
R U Mine?,['Arctic Monkeys'],201726
18,['One Direction'],248360
Get Lucky (feat. Pharrell Williams & Nile Rodgers) - Radio Edit,"['Daft Punk', 'Pharrell Williams', 'Nile Rodgers']",248413
Zombie,['The Cranberries'],306427
Work Out,['J. Cole'],235320
Paradise,['Coldplay'],278719
Somebody That I Used To Know,"['Gotye', 'Kimbra']",244885
The Reason,['Hoobastank'],232800
Dancing Queen,['ABBA'],230400
Show Out (with Skepta & Pop Smoke),"['Kid Cudi', 'Skepta', 'Pop Smoke']",174960
Não Pode Se Apaixonar,"['Xand Avião', 'DJ Ivis', 'Mc Danny']",170000
ドライフラワー,['優里'],285587
Don't Play,"['Anne-Marie', 'KSI', 'Digital Farm Animals']",188581
What's Up?,['4 Non Blondes'],295533
Sorry,['Justin Bieber'],200787
Viva La Vida,['Coldplay'],242373
Low (feat. T-Pain),"['Flo Rida', 'T-Pain']",231400
Hymn for the Weekend,['Coldplay'],258267
Under Pressure - Remastered 2011,"['Queen', 'David Bowie']",248440
Midnight Sky,['Miley Cyrus'],223279
GO (feat. Juice WRLD),"['The Kid LAROI', 'Juice WRLD']",181688
Ele Não Tem,"['Jonas Esticado', 'Gusttavo Lima']",212192
Tú Me Dejaste De Querer,"['C. Tangana', 'Niño de Elche', 'La Húngara']",198500
Headshot (feat. Polo G & Fivio Foreign),"['Lil Tjay', 'Polo G', 'Fivio Foreign']",144349
Fala Comigo - Ao Vivo,['Gusttavo Lima'],140629
Till Forever Falls Apart,"['Ashe', 'FINNEAS']",222861
Diamonds,['Sam Smith'],213869
Way down We Go,['KALEO'],213707
Hypnotized,"['Purple Disco Machine', 'Sophie and the Giants']",195658
Love On The Brain,['Rihanna'],224000
"i hate u, i love u (feat. olivia o'brien)","['gnash', ""Olivia O'Brien""]",251034
Cake By The Ocean,['DNCE'],219147
7 Years,['Lukas Graham'],237300
Run It Up (feat. Offset & Moneybagg Yo),"['Lil Tjay', 'Offset', 'Moneybagg Yo']",232048
Intentions (feat. Quavo),"['Justin Bieber', 'Quavo']",212867
Don't Let Me Down,"['The Chainsmokers', 'Daya']",208373
My Oh My (feat. DaBaby),"['Camila Cabello', 'DaBaby']",170746
Someone To You,['BANNERS'],219801
You Need To Calm Down,['Taylor Swift'],171360
RITMO (Bad Boys For Life),"['Black Eyed Peas', 'J Balvin']",221714
You Shook Me All Night Long,['AC/DC'],210173
Con Calma,"['Daddy Yankee', 'Snow']",193227
Dancing With Your Ghost,['Sasha Sloan'],197732
Supalonely,"['BENEE', 'Gus Dapperton']",223480
I Think I'm OKAY (with YUNGBLUD & Travis Barker),"['Machine Gun Kelly', 'YUNGBLUD', 'Travis Barker']",169397
Sex Sounds,['Lil Tjay'],162453
Goodbyes (feat. Young Thug),"['Post Malone', 'Young Thug']",174853
Under the Bridge,['Red Hot Chili Peppers'],264307
EARFQUAKE,"['Tyler, The Creator']",190067
Hold Me While You Wait,['Lewis Capaldi'],205687
Dancing With A Stranger (with Normani),"['Sam Smith', 'Normani']",171030
Moral of the Story,['Ashe'],201084
Beautiful People (feat. Khalid),"['Ed Sheeran', 'Khalid']",197867
parents,['YUNGBLUD'],171880
Like That (feat. Gucci Mane),"['Doja Cat', 'Gucci Mane']",163173
Empire State Of Mind,"['JAY-Z', 'Alicia Keys']",276920
November Rain,"[""Guns N' Roses""]",536067
Needed Me,['Rihanna'],191600
Scars To Your Beautiful,['Alessia Cara'],230227
Wolves,"['Selena Gomez', 'Marshmello']",197993
Die For You (feat. Dominic Fike),"['Justin Bieber', 'Dominic Fike']",198426
MODO TURBO,"['Luísa Sonza', 'Pabllo Vittar', 'Anitta']",150260
Madonna,"['Bausa', 'Apache 207']",195734
Só Não Divulga,"['Fernando & Sorocaba', 'Tarcísio do Acordeon']",160477
Cabrón y Vago - En Vivo,"['El Fantasma', 'Los Dos Carnales']",142065
Riptide,['Vance Joy'],204280
Quiéreme Mientras Se Pueda,['Manuel Turizo'],191945
Rude,['MAGIC!'],224840
Secrets,"['Regard', 'RAYE']",176767
Richer (feat. Polo G),"['Rod Wave', 'Polo G']",190459
Got It On Me,['Pop Smoke'],164580
Blue & Grey,['BTS'],254950
champagne problems,['Taylor Swift'],244000
Moonwalking in Calabasas (feat. Blueface) - Remix,"['DDG', 'Blueface']",170233
One More Time,['Daft Punk'],320357
Like I Want You,['Giveon'],260776
Algo Mágico,['Rauw Alejandro'],261603
Ô Moça,['MC Zaquin'],180923
JETSKI (feat. Lil Mosey & Lil Tecca),"['Internet Money', 'Lil Tecca', 'Lil Mosey']",165161
Sacrifice,['Bebe Rexha'],160871
Masterpiece,['DaBaby'],181714
Lonely (with benny blanco),"['Justin Bieber', 'benny blanco']",149190
Foi Pá Pum,['Simone & Simaria'],183413
Wasted On You,['Morgan Wallen'],178520
Ohne Dich,"['KASIMIR1441', 'badmómzjay', 'WILDBWOYS']",125720
Heartbreak Anniversary,['Giveon'],198371
Me Fije,"['Alex Rose', 'Rauw Alejandro']",202307
"Gravity (feat. Tyler, The Creator)","['Brent Faiyaz', 'DJ Dahi', 'Tyler, The Creator']",214693
Where The Lights Are Low,"['Toby Romeo', 'Felix Jaehn', 'FAULHABER']",136996
Frag mich nicht,"['Miksu / Macloud', 'Nimo', 'Jamule']",157253
Good Without,['Mimi Webb'],182121
Some Say - Felix Jaehn Remix,"['Nea', 'Felix Jaehn']",186878
Azul,['J Balvin'],205933
Best Friend,['Rex Orange County'],262231
Chop Suey!,['System Of A Down'],210240
All Star,['Smash Mouth'],200373
Dynamite,['Taio Cruz'],202613
Basket Case,['Green Day'],181533
"Sugar, We're Goin Down",['Fall Out Boy'],229093
Pon de Replay,['Rihanna'],246960
Bound 2,['Kanye West'],229147
The Spins,['Mac Miller'],195873
Wake Me Up Before You Go-Go,['Wham!'],231333
Young And Beautiful,['Lana Del Rey'],236053
Scream & Shout,"['will.i.am', 'Britney Spears']",283400
oops!,['Yung Gravy'],139760
Fly To My Room,['BTS'],222243
Conversations,['Juice WRLD'],181661
Buss It,['Erica Banks'],187000
ALWAYS DO,['The Kid LAROI'],151705
Jump - 2015 Remaster,['Van Halen'],241600
Tennessee Whiskey,['Chris Stapleton'],293293
Snow (Hey Oh),['Red Hot Chili Peppers'],334667
Sky,['Playboi Carti'],193234
Teenagers,['My Chemical Romance'],161920
DJ Got Us Fallin' In Love (feat. Pitbull),"['Usher', 'Pitbull']",220800
Candy Shop,"['50 Cent', 'Olivia']",209107
Kryptonite,['3 Doors Down'],233933
Stan,"['Eminem', 'Dido']",404107
It's My Life,['Bon Jovi'],224493
Gone,['ROSÉ'],207164
Mercy,['Shawn Mendes'],208733
Só de Sacanagem - Ao Vivo,"['Israel & Rodolffo', 'MC Matheuzinho']",183695
Body,"['Russ Millions', 'Tion Wayne']",183830
Моя голова винтом (My head is spinning like a screw),['kostromin'],140000
I'm not Pretty,['JESSIA'],118400
Batman,['LPB Poody'],156432
VOCE,['Madame'],211411
Street Runner,['Rod Wave'],252021
LILAC,['IU'],214253
Fake A Smile,"['Alan Walker', 'salem ilese']",168118
As the World Caves In,['Matt Maltese'],218755
Te Va Bien (with Arcangel & Becky G feat. Darell),"['KEVVO', 'Arcangel', 'Becky G', 'Darell']",281853
Sand In My Boots,['Morgan Wallen'],202133
Somebody,['Justin Bieber'],179415
Only Wanna Be With You - Pokémon 25 Version,['Post Malone'],241360
test drive,['Ariana Grande'],122174
idfc,['blackbear'],245172
Sure Thing,['Miguel'],195373
You (with Marshmello & Vance Joy),"['benny blanco', 'Marshmello', 'Vance Joy']",169632
Ingobernable,"['C. Tangana', 'Gipsy Kings', 'Nicolás Reyes', 'Tonino Baliardo']",187053
Love You Different (feat. BEAM),"['Justin Bieber', 'BEAM']",186696
Roadtrip,"['Dream', 'PmBata']",133661
Teeth,['5 Seconds of Summer'],204887
You Belong With Me (Taylor’s Version),['Taylor Swift'],231124
Fearless (Taylor’s Version),['Taylor Swift'],241592
Fireflies,['Owl City'],228347
Party In The U.S.A.,['Miley Cyrus'],202067
Nothing Else Matters,['Metallica'],388267
Enter Sandman,['Metallica'],331267
I Still Haven't Found What I'm Looking For,['U2'],277477
With Or Without You - Remastered,['U2'],295516
Tiny Dancer,['Elton John'],377093
Heartless,['Kanye West'],211000
American Boy,"['Estelle', 'Kanye West']",284733
"You're Gonna Go Far, Kid",['The Offspring'],177827
WACHA,"['KHEA', 'Duki']",206360
Lut Gaye,"['Jubin Nautiyal', 'Tanishk Bagchi', 'Nusrat Fateh Ali Khan', 'Emraan Hashmi']",228031
Swervin (feat. 6ix9ine),"['A Boogie Wit da Hoodie', '6ix9ine']",189487
Beautiful Crazy,['Luke Combs'],193200
Someone You Loved,['Lewis Capaldi'],182161
Whistle,['Flo Rida'],224653
Three Little Birds,['Bob Marley & The Wailers'],180267
We Will Rock You - Remastered,['Queen'],122067
I Don’t Wanna Live Forever (Fifty Shades Darker),"['ZAYN', 'Taylor Swift']",247160
Bank Account,['21 Savage'],220307
Sunflower,['Rex Orange County'],252231
Galway Girl,['Ed Sheeran'],170827
8TEEN,['Khalid'],228600
LOVE. FEAT. ZACARI.,"['Kendrick Lamar', 'Zacari']",213400
Love Galore (feat. Travis Scott),"['SZA', 'Travis Scott']",275080
Scared to Be Lonely,"['Martin Garrix', 'Dua Lipa']",220883
Beautiful Girls,['Sean Kingston'],225373
Gimme More,['Britney Spears'],251240
Verbatim,['Mother Mother'],168320
No One,['Alicia Keys'],253813
Sorry Not Sorry,['Demi Lovato'],203760
FourFiveSeconds,"['Rihanna', 'Kanye West', 'Paul McCartney']",188238
Call Me Maybe,['Carly Rae Jepsen'],193400
Faded,['Alan Walker'],212107
Little Talks,['Of Monsters and Men'],266600
ZEZE (feat. Travis Scott & Offset),"['Kodak Black', 'Offset', 'Travis Scott']",228760
Trust,['Brent Faiyaz'],158421
Always Remember Us This Way,['Lady Gaga'],210200
Magic In The Hamptons (feat. Lil Yachty),"['Social House', 'Lil Yachty']",164640
Shotgun,['George Ezra'],201287
Nonstop,['Drake'],238614
Self Care,['Mac Miller'],345133
i wanna be your girlfriend,['girl in red'],204991
3 Nights,['Dominic Fike'],177667
Yes Indeed,"['Lil Baby', 'Drake']",142273
Your Song,['Elton John'],241787
Someone Like You,['Adele'],285240
More Than a Feeling,['Boston'],285133
"Love Me Like You Do - From ""Fifty Shades Of Grey""",['Ellie Goulding'],252534
Often,['The Weeknd'],249040
Super Bass,['Nicki Minaj'],200013
Infinity,['Jaymes Young'],237720
"All I Want - From ""High School Musical: The Musical: The Series""",['Olivia Rodrigo'],177323
Just the Way You Are,['Bruno Mars'],220733
I Want It That Way,['Backstreet Boys'],213307
24K Magic,['Bruno Mars'],225983
Steal My Girl,['One Direction'],228133
Riptide,['Vance Joy'],204280
Ambitionz Az A Ridah,['2Pac'],278387
Godspeed,['Frank Ocean'],177922
Shout Out to My Ex,['Little Mix'],246240
Pink + White,['Frank Ocean'],184516
Bang Bang,"['Jessie J', 'Ariana Grande', 'Nicki Minaj']",199387
Outside (feat. Ellie Goulding),"['Calvin Harris', 'Ellie Goulding']",227267
Talking to the Moon,['Bruno Mars'],217867
"...And to Those I Love, Thanks for Sticking Around",['$uicideboy$'],168490
Lose Somebody,"['Kygo', 'OneRepublic']",199549
Intentions,"['Justin Bieber', 'Quavo']",212869
Caramelo,['Ozuna'],217547
The Middle,['Jimmy Eat World'],165853
Si Me Dices Que Sí,"['Reik', 'Farruko', 'Camilo']",211652
How You Remind Me,['Nickelback'],223840
Xerecard,"['Jeff Costa', 'Mc Danny']",236112
Brown Munde,"['AP Dhillon', 'Gminxr', 'Gurinder Gill', 'Shinda Kahlon']",254400
Goodbye,"['Imanbek', 'Goodboys']",144000
Smile (with The Weeknd),"['Juice WRLD', 'The Weeknd']",196180
PILLOWTALK,['ZAYN'],202747
Best Day Of My Life,['American Authors'],194240
Fight Song,['Rachel Platten'],204013
This Is What You Came For (feat. Rihanna),"['Calvin Harris', 'Rihanna']",222160
Mariposa,['Peach Tree Rascals'],210000
ME! (feat. Brendon Urie of Panic! At The Disco),"['Taylor Swift', 'Brendon Urie', 'Panic! At The Disco']",193000
wish you were gay,['Billie Eilish'],221543
"break up with your girlfriend, i'm bored",['Ariana Grande'],190440
"Alone, Pt. II","['Alan Walker', 'Ava Max']",179053
Hate Me (with Juice WRLD),"['Ellie Goulding', 'Juice WRLD']",186223
Pluto Projector,['Rex Orange County'],267520
Cradles,['Sub Urban'],209829
Old Town Road,['Lil Nas X'],113000
China,"['Anuel AA', 'Daddy Yankee', 'KAROL G', 'J Balvin', 'Ozuna']",301714
If I Ain't Got You,['Alicia Keys'],228707
Beat It,['Michael Jackson'],258040
Should I Stay or Should I Go - Remastered,['The Clash'],188987
Suicidal,['YNW Melly'],222997
Hey Ya!,['Outkast'],235213
No Scrubs,['TLC'],214400
Like I'm Gonna Lose You (feat. John Legend),"['Meghan Trainor', 'John Legend']",225053
...Baby One More Time,['Britney Spears'],211067
My Girl,['The Temptations'],165000
Ophelia,['The Lumineers'],160097
Go Fuck Yourself,['Two Feet'],129600
Control,['Zoe Wees'],230880
La Luz,"['Sech', 'J Balvin']",216747
Brown Eyed Girl,['Van Morrison'],183307
DOLLAZ ON MY HEAD (feat. Young Thug),"['Gunna', 'Young Thug']",197760
Titanium (feat. Sia),"['David Guetta', 'Sia']",245040
Flex (feat. Juice WRLD),"['Polo G', 'Juice WRLD']",163902
Rain On Me (with Ariana Grande),"['Lady Gaga', 'Ariana Grande']",182200
Bonita,['Jeeiph'],187429
OK Not To Be OK,"['Marshmello', 'Demi Lovato']",159863
Get Out My Head,['Shane Codd'],204933
Nada,"['Cali Y El Dandee', 'Danna Paola']",174027
Hit Different,"['SZA', 'The Neptunes', 'Pharrell Williams', 'Ty Dolla $ign']",202008
i'm so tired...,"['Lauv', 'Troye Sivan']",162583
Telepathy,['BTS'],202313
Still Trappin' (with King Von),"['Lil Durk', 'King Von']",172185
TRAGIC (feat. Youngboy Never Broke Again & Internet Money),"['The Kid LAROI', 'YoungBoy Never Broke Again', 'Internet Money']",153147
my future,['Billie Eilish'],208155
We Don't Talk Anymore (feat. Selena Gomez),"['Charlie Puth', 'Selena Gomez']",217707
Investe Em Mim,['Jonas Esticado'],186533
How Do You Sleep?,['Sam Smith'],202205
She Will Be Loved - Radio Mix,['Maroon 5'],259453
This Love,['Maroon 5'],206200
We Paid (feat. 42 Dugg),"['Lil Baby', '42 Dugg']",181929
Fever,"['Dua Lipa', 'Angèle']",156911
Maçã Verde,['MC Hariel'],164308
Make You Mine,['PUBLIC'],232907
Savage Love (Laxed – Siren Beat) [BTS Remix],"['Jawsh 685', 'Jason Derulo', 'BTS']",184905
PTSD,"['G Herbo', 'Juice WRLD', 'Lil Uzi Vert', 'Chance the Rapper']",232065
Mad at Disney,['salem ilese'],136839
SO DONE,['The Kid LAROI'],126521
Hasta Que Dios Diga,"['Anuel AA', 'Bad Bunny']",246000
Rät,['Penelope Scott'],194165
The Adults Are Talking,['The Strokes'],309053
I Was Made For Lovin' You,['KISS'],271240
High Fashion (feat. Mustard),"['Roddy Ricch', 'Mustard']",220487
Empty,['Juice WRLD'],248431
Hola - Remix,"['Dalex', 'Lenny Tavárez', 'Chencho Corleone', 'Juhn', 'Dímelo Flow']",249520
TKN (feat. Travis Scott),"['ROSALÍA', 'Travis Scott']",129371
you should see me in a crown,['Billie Eilish'],180953
Lalala,"['Y2K', 'bbno$']",160627
bloody valentine,['Machine Gun Kelly'],205159
El Tóxico,"['Grupo Firme', 'Carin Leon']",179746
Through Da Storm,['Polo G'],195587
Still into You,['Paramore'],216013
forget me too (feat. Halsey),"['Machine Gun Kelly', 'Halsey']",171621
Saturno,"['BIN', 'Mainstreet', 'Ajaxx']",186947
Drankin N Smokin,"['Future', 'Lil Uzi Vert']",213520
Kaikai Kitan,['Eve'],221426
Suicidal (Remix) [feat. Juice WRLD],"['YNW Melly', 'Juice WRLD']",225857
Bitter Sweet Symphony,['The Verve'],357267
Miedito o Qué? (feat. KAROL G),"['Ovy On The Drums', 'Danny Ocean', 'KAROL G']",209905
South of the Border (feat. Camila Cabello & Cardi B),"['Ed Sheeran', 'Camila Cabello', 'Cardi B']",204467
Borderline,['Tame Impala'],237800
Not Afraid,['Eminem'],248133
SUGAR,['BROCKHAMPTON'],204533
bury a friend,['Billie Eilish'],193143
Suge,['DaBaby'],163320
Lights Up,['Harry Styles'],172213
Surrender,['Natalie Taylor'],183103
Pa' Olvidarme De Ella,"['Piso 21', 'Christian Nodal']",227234
I.F.L.Y.,['Bazzi'],165714
"Don't Give Up On Me - (From ""Five Feet Apart"")",['Andy Grammer'],196188
American Idiot,['Green Day'],176346
My Boo,"['Usher', 'Alicia Keys']",223440
GATTI,"['JACKBOYS', 'Pop Smoke', 'Travis Scott']",181145
Despacito,"['Luis Fonsi', 'Daddy Yankee']",229360
You should be sad,['Halsey'],205473
Black And White,['Niall Horan'],193090
Amor e Fé - Acústico,['Hungria Hip Hop'],322736
Chemtrails Over The Country Club,['Lana Del Rey'],271177
Love Story (Taylor’s Version),['Taylor Swift'],235767
After Hours,['The Weeknd'],361027
Medicine,['James Arthur'],208906
Adicto (with Anuel AA & Ozuna),"['Tainy', 'Anuel AA', 'Ozuna']",270741
Fifteen (Taylor’s Version),['Taylor Swift'],294419
Mr. Perfectly Fine (Taylor’s Version) (From The Vault),['Taylor Swift'],277592
Savage,['Megan Thee Stallion'],155497
You Make My Dreams (Come True),['Daryl Hall & John Oates'],190627
"Young, Wild & Free (feat. Bruno Mars)","['Snoop Dogg', 'Wiz Khalifa', 'Bruno Mars']",207333
Monster (Shawn Mendes & Justin Bieber),"['Shawn Mendes', 'Justin Bieber']",178994
agoraphobic,['CORPSE'],129796
PEPPERMINT,['Luciano'],197240
Esquema Preferido - Ao Vivo,['Os Barões Da Pisadinha'],201974
Girls Just Want to Have Fun,['Cyndi Lauper'],238267
Fantasias,"['Rauw Alejandro', 'Farruko']",199711
Iris,['The Goo Goo Dolls'],289533
Vete,['Bad Bunny'],192024
PRACTICE,['DaBaby'],122587
Dance Monkey,['Tones And I'],209438
Hollywood's Bleeding,['Post Malone'],156267
The Bones,['Maren Morris'],197293
Tudo Indica (feat. Jorge & Mateus) - Ao Vivo,"['Marcos & Belutti', 'Jorge & Mateus']",183014
Fine Line,['Harry Styles'],377960
Relación,['Sech'],184255
Ruff Ryders' Anthem,['DMX'],214440
Jangueo,"['Alex Rose', 'Rafa Pabön']",259600
Calla Tú,['Danna Paola'],161813
Life's A Mess II (with Clever & Post Malone),"['Juice WRLD', 'Clever', 'Post Malone']",206734
White Lies,"['VIZE', 'Tokio Hotel']",183588
Celebrity,['IU'],195547
Who's Laughing Now,['Ava Max'],180348
CLOUDS,['NF'],243750
2/Catorce,"['Rauw Alejandro', 'Mr. Naisgai']",212032
Little Things,['One Direction'],219040
ZITTI E BUONI,['Måneskin'],192655
They Don't Know About Us,['One Direction'],200400
Weak,['Larissa Lambert'],159375
Die Young,['Kesha'],211920
I Knew You Were Trouble.,['Taylor Swift'],219720
Wild Ones (feat. Sia),"['Flo Rida', 'Sia']",232947
Love Again (feat. Alida),"['Alok', 'Alida']",147402
Uptown Girl,['Billy Joel'],197707